Job,Year,Amount,Major
"Agriculture, Forestry, Fishing and Hunting, and Mining",2020,7920,Visual & Performing Arts
Construction,2020,43473,Visual & Performing Arts
Manufacturing,2020,145447,Visual & Performing Arts
Wholesale Trade,2020,46868,Visual & Performing Arts
Retail Trade,2020,222818,Visual & Performing Arts
"Transportation & Warehousing, and Utilities",2020,48388,Visual & Performing Arts
Information,2020,132612,Visual & Performing Arts
"Finance & Insurance, and Real Estate, Rental & Leasing",2020,125637,Visual & Performing Arts
"Professional, Scientific & Management, and Administrative & Waste Management Services",2020,374424,Visual & Performing Arts
"Educational Services, Health Care & Social Assistance",2020,569497,Visual & Performing Arts
"Arts, Entertainment & Recreation and Accommodation & Food Services",2020,236845,Visual & Performing Arts
"Other Services, Except Public Administration",2020,103699,Visual & Performing Arts
Public Administration,2020,57774,Visual & Performing Arts
Active Duty Military,2020,6064,Visual & Performing Arts
"Agriculture, Forestry, Fishing and Hunting, and Mining",2019,7209,Visual & Performing Arts
Construction,2019,41273,Visual & Performing Arts
Manufacturing,2019,139059,Visual & Performing Arts
Wholesale Trade,2019,45050,Visual & Performing Arts
Retail Trade,2019,218443,Visual & Performing Arts
"Transportation & Warehousing, and Utilities",2019,43218,Visual & Performing Arts
Information,2019,132713,Visual & Performing Arts
"Finance & Insurance, and Real Estate, Rental & Leasing",2019,118487,Visual & Performing Arts
"Professional, Scientific & Management, and Administrative & Waste Management Services",2019,358392,Visual & Performing Arts
"Educational Services, Health Care & Social Assistance",2019,550855,Visual & Performing Arts
"Arts, Entertainment & Recreation and Accommodation & Food Services",2019,236700,Visual & Performing Arts
"Other Services, Except Public Administration",2019,103155,Visual & Performing Arts
Public Administration,2019,54770,Visual & Performing Arts
Active Duty Military,2019,5734,Visual & Performing Arts
"Agriculture, Forestry, Fishing and Hunting, and Mining",2018,7733,Visual & Performing Arts
Construction,2018,38278,Visual & Performing Arts
Manufacturing,2018,134570,Visual & Performing Arts
Wholesale Trade,2018,43926,Visual & Performing Arts
Retail Trade,2018,213743,Visual & Performing Arts
"Transportation & Warehousing, and Utilities",2018,39980,Visual & Performing Arts
Information,2018,128762,Visual & Performing Arts
"Finance & Insurance, and Real Estate, Rental & Leasing",2018,114181,Visual & Performing Arts
"Professional, Scientific & Management, and Administrative & Waste Management Services",2018,344510,Visual & Performing Arts
"Educational Services, Health Care & Social Assistance",2018,530730,Visual & Performing Arts
"Arts, Entertainment & Recreation and Accommodation & Food Services",2018,227774,Visual & Performing Arts
"Other Services, Except Public Administration",2018,97370,Visual & Performing Arts
Public Administration,2018,53664,Visual & Performing Arts
Active Duty Military,2018,4911,Visual & Performing Arts
"Agriculture, Forestry, Fishing and Hunting, and Mining",2017,7058,Visual & Performing Arts
Construction,2017,35763,Visual & Performing Arts
Manufacturing,2017,130663,Visual & Performing Arts
Wholesale Trade,2017,42343,Visual & Performing Arts
Retail Trade,2017,214461,Visual & Performing Arts
"Transportation & Warehousing, and Utilities",2017,36925,Visual & Performing Arts
Information,2017,125341,Visual & Performing Arts
"Finance & Insurance, and Real Estate, Rental & Leasing",2017,109009,Visual & Performing Arts
"Professional, Scientific & Management, and Administrative & Waste Management Services",2017,327668,Visual & Performing Arts
"Educational Services, Health Care & Social Assistance",2017,515361,Visual & Performing Arts
"Arts, Entertainment & Recreation and Accommodation & Food Services",2017,220780,Visual & Performing Arts
"Other Services, Except Public Administration",2017,93629,Visual & Performing Arts
Public Administration,2017,52455,Visual & Performing Arts
Active Duty Military,2017,4733,Visual & Performing Arts
"Agriculture, Forestry, Fishing and Hunting, and Mining",2016,6732,Visual & Performing Arts
Construction,2016,34054,Visual & Performing Arts
Manufacturing,2016,126526,Visual & Performing Arts
Wholesale Trade,2016,41318,Visual & Performing Arts
Retail Trade,2016,209804,Visual & Performing Arts
"Transportation & Warehousing, and Utilities",2016,34896,Visual & Performing Arts
Information,2016,121351,Visual & Performing Arts
"Finance & Insurance, and Real Estate, Rental & Leasing",2016,103946,Visual & Performing Arts
"Professional, Scientific & Management, and Administrative & Waste Management Services",2016,316002,Visual & Performing Arts
"Educational Services, Health Care & Social Assistance",2016,500071,Visual & Performing Arts
"Arts, Entertainment & Recreation and Accommodation & Food Services",2016,214901,Visual & Performing Arts
"Other Services, Except Public Administration",2016,88743,Visual & Performing Arts
Public Administration,2016,50194,Visual & Performing Arts
Active Duty Military,2016,4652,Visual & Performing Arts
"Agriculture, Forestry, Fishing and Hunting, and Mining",2015,6463,Visual & Performing Arts
Construction,2015,31321,Visual & Performing Arts
Manufacturing,2015,119490,Visual & Performing Arts
Wholesale Trade,2015,39541,Visual & Performing Arts
Retail Trade,2015,200844,Visual & Performing Arts
"Transportation & Warehousing, and Utilities",2015,31749,Visual & Performing Arts
Information,2015,116995,Visual & Performing Arts
"Finance & Insurance, and Real Estate, Rental & Leasing",2015,100233,Visual & Performing Arts
"Professional, Scientific & Management, and Administrative & Waste Management Services",2015,297278,Visual & Performing Arts
"Educational Services, Health Care & Social Assistance",2015,486377,Visual & Performing Arts
"Arts, Entertainment & Recreation and Accommodation & Food Services",2015,208754,Visual & Performing Arts
"Other Services, Except Public Administration",2015,87595,Visual & Performing Arts
Public Administration,2015,48785,Visual & Performing Arts
Active Duty Military,2015,4749,Visual & Performing Arts
"Agriculture, Forestry, Fishing and Hunting, and Mining",2014,5844,Visual & Performing Arts
Construction,2014,29884,Visual & Performing Arts
Manufacturing,2014,115679,Visual & Performing Arts
Wholesale Trade,2014,37520,Visual & Performing Arts
Retail Trade,2014,194534,Visual & Performing Arts
"Transportation & Warehousing, and Utilities",2014,31010,Visual & Performing Arts
Information,2014,111911,Visual & Performing Arts
"Finance & Insurance, and Real Estate, Rental & Leasing",2014,95046,Visual & Performing Arts
"Professional, Scientific & Management, and Administrative & Waste Management Services",2014,282929,Visual & Performing Arts
"Educational Services, Health Care & Social Assistance",2014,472961,Visual & Performing Arts
"Arts, Entertainment & Recreation and Accommodation & Food Services",2014,201500,Visual & Performing Arts
"Other Services, Except Public Administration",2014,82227,Visual & Performing Arts
Public Administration,2014,46689,Visual & Performing Arts
Active Duty Military,2014,4446,Visual & Performing Arts
"Agriculture, Forestry, Fishing and Hunting, and Mining",2020,21236,Biology
Construction,2020,27961,Biology
Manufacturing,2020,199366,Biology
Wholesale Trade,2020,37864,Biology
Retail Trade,2020,141171,Biology
"Transportation & Warehousing, and Utilities",2020,44540,Biology
Information,2020,29360,Biology
"Finance & Insurance, and Real Estate, Rental & Leasing",2020,96814,Biology
"Professional, Scientific & Management, and Administrative & Waste Management Services",2020,376639,Biology
"Educational Services, Health Care & Social Assistance",2020,1454011,Biology
"Arts, Entertainment & Recreation and Accommodation & Food Services",2020,90023,Biology
"Other Services, Except Public Administration",2020,55026,Biology
Public Administration,2020,140562,Biology
Active Duty Military,2020,15954,Biology
"Agriculture, Forestry, Fishing and Hunting, and Mining",2019,21221,Biology
Construction,2019,25021,Biology
Manufacturing,2019,191753,Biology
Wholesale Trade,2019,36012,Biology
Retail Trade,2019,134624,Biology
"Transportation & Warehousing, and Utilities",2019,42470,Biology
Information,2019,26545,Biology
"Finance & Insurance, and Real Estate, Rental & Leasing",2019,93575,Biology
"Professional, Scientific & Management, and Administrative & Waste Management Services",2019,351829,Biology
"Educational Services, Health Care & Social Assistance",2019,1400471,Biology
"Arts, Entertainment & Recreation and Accommodation & Food Services",2019,88740,Biology
"Other Services, Except Public Administration",2019,51415,Biology
Public Administration,2019,137884,Biology
Active Duty Military,2019,14011,Biology
"Agriculture, Forestry, Fishing and Hunting, and Mining",2018,20514,Biology
Construction,2018,23094,Biology
Manufacturing,2018,184748,Biology
Wholesale Trade,2018,34850,Biology
Retail Trade,2018,131548,Biology
"Transportation & Warehousing, and Utilities",2018,39160,Biology
Information,2018,26819,Biology
"Finance & Insurance, and Real Estate, Rental & Leasing",2018,87590,Biology
"Professional, Scientific & Management, and Administrative & Waste Management Services",2018,328670,Biology
"Educational Services, Health Care & Social Assistance",2018,1349452,Biology
"Arts, Entertainment & Recreation and Accommodation & Food Services",2018,84040,Biology
"Other Services, Except Public Administration",2018,47983,Biology
Public Administration,2018,134941,Biology
Active Duty Military,2018,13394,Biology
"Agriculture, Forestry, Fishing and Hunting, and Mining",2017,18974,Biology
Construction,2017,21413,Biology
Manufacturing,2017,177633,Biology
Wholesale Trade,2017,35011,Biology
Retail Trade,2017,128527,Biology
"Transportation & Warehousing, and Utilities",2017,36879,Biology
Information,2017,26616,Biology
"Finance & Insurance, and Real Estate, Rental & Leasing",2017,83156,Biology
"Professional, Scientific & Management, and Administrative & Waste Management Services",2017,309994,Biology
"Educational Services, Health Care & Social Assistance",2017,1299145,Biology
"Arts, Entertainment & Recreation and Accommodation & Food Services",2017,78735,Biology
"Other Services, Except Public Administration",2017,45602,Biology
Public Administration,2017,129621,Biology
Active Duty Military,2017,12724,Biology
"Agriculture, Forestry, Fishing and Hunting, and Mining",2016,18018,Biology
Construction,2016,21132,Biology
Manufacturing,2016,170039,Biology
Wholesale Trade,2016,33861,Biology
Retail Trade,2016,124286,Biology
"Transportation & Warehousing, and Utilities",2016,34433,Biology
Information,2016,25841,Biology
"Finance & Insurance, and Real Estate, Rental & Leasing",2016,77977,Biology
"Professional, Scientific & Management, and Administrative & Waste Management Services",2016,291208,Biology
"Educational Services, Health Care & Social Assistance",2016,1254281,Biology
"Arts, Entertainment & Recreation and Accommodation & Food Services",2016,74670,Biology
"Other Services, Except Public Administration",2016,43591,Biology
Public Administration,2016,125051,Biology
Active Duty Military,2016,11029,Biology
"Agriculture, Forestry, Fishing and Hunting, and Mining",2015,17478,Biology
Construction,2015,20446,Biology
Manufacturing,2015,164309,Biology
Wholesale Trade,2015,34147,Biology
Retail Trade,2015,117394,Biology
"Transportation & Warehousing, and Utilities",2015,33657,Biology
Information,2015,24398,Biology
"Finance & Insurance, and Real Estate, Rental & Leasing",2015,72477,Biology
"Professional, Scientific & Management, and Administrative & Waste Management Services",2015,276449,Biology
"Educational Services, Health Care & Social Assistance",2015,1221727,Biology
"Arts, Entertainment & Recreation and Accommodation & Food Services",2015,69790,Biology
"Other Services, Except Public Administration",2015,40864,Biology
Public Administration,2015,120497,Biology
Active Duty Military,2015,11448,Biology
"Agriculture, Forestry, Fishing and Hunting, and Mining",2014,16364,Biology
Construction,2014,20244,Biology
Manufacturing,2014,156368,Biology
Wholesale Trade,2014,32765,Biology
Retail Trade,2014,113173,Biology
"Transportation & Warehousing, and Utilities",2014,31258,Biology
Information,2014,23779,Biology
"Finance & Insurance, and Real Estate, Rental & Leasing",2014,68906,Biology
"Professional, Scientific & Management, and Administrative & Waste Management Services",2014,264439,Biology
"Educational Services, Health Care & Social Assistance",2014,1185779,Biology
"Arts, Entertainment & Recreation and Accommodation & Food Services",2014,66274,Biology
"Other Services, Except Public Administration",2014,40035,Biology
Public Administration,2014,116727,Biology
Active Duty Military,2014,10797,Biology
"Agriculture, Forestry, Fishing and Hunting, and Mining",2020,95573,Business
Construction,2020,342716,Business
Manufacturing,2020,1125370,Business
Wholesale Trade,2020,467297,Business
Retail Trade,2020,939435,Business
"Transportation & Warehousing, and Utilities",2020,487352,Business
Information,2020,300647,Business
"Finance & Insurance, and Real Estate, Rental & Leasing",2020,1990504,Business
"Professional, Scientific & Management, and Administrative & Waste Management Services",2020,2044538,Business
"Educational Services, Health Care & Social Assistance",2020,1739408,Business
"Arts, Entertainment & Recreation and Accommodation & Food Services",2020,578829,Business
"Other Services, Except Public Administration",2020,333273,Business
Public Administration,2020,674739,Business
Active Duty Military,2020,58047,Business
"Agriculture, Forestry, Fishing and Hunting, and Mining",2019,97207,Business
Construction,2019,316197,Business
Manufacturing,2019,1111160,Business
Wholesale Trade,2019,466979,Business
Retail Trade,2019,930227,Business
"Transportation & Warehousing, and Utilities",2019,461351,Business
Information,2019,306981,Business
"Finance & Insurance, and Real Estate, Rental & Leasing",2019,1956873,Business
"Professional, Scientific & Management, and Administrative & Waste Management Services",2019,1966491,Business
"Educational Services, Health Care & Social Assistance",2019,1687541,Business
"Arts, Entertainment & Recreation and Accommodation & Food Services",2019,584266,Business
"Other Services, Except Public Administration",2019,324607,Business
Public Administration,2019,660138,Business
Active Duty Military,2019,51988,Business
"Agriculture, Forestry, Fishing and Hunting, and Mining",2018,94495,Business
Construction,2018,292725,Business
Manufacturing,2018,1094041,Business
Wholesale Trade,2018,460958,Business
Retail Trade,2018,923185,Business
"Transportation & Warehousing, and Utilities",2018,440364,Business
Information,2018,311742,Business
"Finance & Insurance, and Real Estate, Rental & Leasing",2018,1908352,Business
"Professional, Scientific & Management, and Administrative & Waste Management Services",2018,1880282,Business
"Educational Services, Health Care & Social Assistance",2018,1634302,Business
"Arts, Entertainment & Recreation and Accommodation & Food Services",2018,570789,Business
"Other Services, Except Public Administration",2018,313645,Business
Public Administration,2018,652332,Business
Active Duty Military,2018,47479,Business
"Agriculture, Forestry, Fishing and Hunting, and Mining",2017,93257,Business
Construction,2017,275472,Business
Manufacturing,2017,1083023,Business
Wholesale Trade,2017,454257,Business
Retail Trade,2017,914330,Business
"Transportation & Warehousing, and Utilities",2017,425424,Business
Information,2017,308989,Business
"Finance & Insurance, and Real Estate, Rental & Leasing",2017,1867551,Business
"Professional, Scientific & Management, and Administrative & Waste Management Services",2017,1802662,Business
"Educational Services, Health Care & Social Assistance",2017,1587201,Business
"Arts, Entertainment & Recreation and Accommodation & Food Services",2017,557521,Business
"Other Services, Except Public Administration",2017,300472,Business
Public Administration,2017,637193,Business
Active Duty Military,2017,46445,Business
"Agriculture, Forestry, Fishing and Hunting, and Mining",2016,91181,Business
Construction,2016,264094,Business
Manufacturing,2016,1064804,Business
Wholesale Trade,2016,447992,Business
Retail Trade,2016,907137,Business
"Transportation & Warehousing, and Utilities",2016,410024,Business
Information,2016,306774,Business
"Finance & Insurance, and Real Estate, Rental & Leasing",2016,1817943,Business
"Professional, Scientific & Management, and Administrative & Waste Management Services",2016,1739981,Business
"Educational Services, Health Care & Social Assistance",2016,1527973,Business
"Arts, Entertainment & Recreation and Accommodation & Food Services",2016,538773,Business
"Other Services, Except Public Administration",2016,287185,Business
Public Administration,2016,624407,Business
Active Duty Military,2016,47176,Business
"Agriculture, Forestry, Fishing and Hunting, and Mining",2015,88320,Business
Construction,2015,253480,Business
Manufacturing,2015,1050139,Business
Wholesale Trade,2015,444491,Business
Retail Trade,2015,891631,Business
"Transportation & Warehousing, and Utilities",2015,398251,Business
Information,2015,298316,Business
"Finance & Insurance, and Real Estate, Rental & Leasing",2015,1771066,Business
"Professional, Scientific & Management, and Administrative & Waste Management Services",2015,1678096,Business
"Educational Services, Health Care & Social Assistance",2015,1477532,Business
"Arts, Entertainment & Recreation and Accommodation & Food Services",2015,522753,Business
"Other Services, Except Public Administration",2015,277555,Business
Public Administration,2015,614769,Business
Active Duty Military,2015,47103,Business
"Agriculture, Forestry, Fishing and Hunting, and Mining",2014,81407,Business
Construction,2014,247973,Business
Manufacturing,2014,1031456,Business
Wholesale Trade,2014,434552,Business
Retail Trade,2014,877031,Business
"Transportation & Warehousing, and Utilities",2014,388571,Business
Information,2014,286898,Business
"Finance & Insurance, and Real Estate, Rental & Leasing",2014,1729342,Business
"Professional, Scientific & Management, and Administrative & Waste Management Services",2014,1608218,Business
"Educational Services, Health Care & Social Assistance",2014,1416194,Business
"Arts, Entertainment & Recreation and Accommodation & Food Services",2014,497662,Business
"Other Services, Except Public Administration",2014,265803,Business
Public Administration,2014,606734,Business
Active Duty Military,2014,45621,Business
"Agriculture, Forestry, Fishing and Hunting, and Mining",,48959,Visual & Performing Arts
Construction,,254046,Visual & Performing Arts
Manufacturing,,911434,Visual & Performing Arts
Wholesale Trade,,296566,Visual & Performing Arts
Retail Trade,,1474647,Visual & Performing Arts
"Transportation & Warehousing, and Utilities",,266166,Visual & Performing Arts
Information,,869685,Visual & Performing Arts
"Finance & Insurance, and Real Estate, Rental & Leasing",,766539,Visual & Performing Arts
"Professional, Scientific & Management, and Administrative & Waste Management Services",,2301203,Visual & Performing Arts
"Educational Services, Health Care & Social Assistance",,3625852,Visual & Performing Arts
"Arts, Entertainment & Recreation and Accommodation & Food Services",,1547254,Visual & Performing Arts
"Other Services, Except Public Administration",,656418,Visual & Performing Arts
Public Administration,,364331,Visual & Performing Arts
Active Duty Military,,35289,Visual & Performing Arts
"Agriculture, Forestry, Fishing and Hunting, and Mining",,133805,Biology
Construction,,159311,Biology
Manufacturing,,1244216,Biology
Wholesale Trade,,244510,Biology
Retail Trade,,890723,Biology
"Transportation & Warehousing, and Utilities",,262397,Biology
Information,,183358,Biology
"Finance & Insurance, and Real Estate, Rental & Leasing",,580495,Biology
"Professional, Scientific & Management, and Administrative & Waste Management Services",,2199228,Biology
"Educational Services, Health Care & Social Assistance",,9164866,Biology
"Arts, Entertainment & Recreation and Accommodation & Food Services",,552272,Biology
"Other Services, Except Public Administration",,324516,Biology
Public Administration,,905283,Biology
Active Duty Military,,89357,Biology
"Agriculture, Forestry, Fishing and Hunting, and Mining",,641440,Business
Construction,,1992657,Business
Manufacturing,,7559993,Business
Wholesale Trade,,3176526,Business
Retail Trade,,6382976,Business
"Transportation & Warehousing, and Utilities",,3011337,Business
Information,,2120347,Business
"Finance & Insurance, and Real Estate, Rental & Leasing",,13041631,Business
"Professional, Scientific & Management, and Administrative & Waste Management Services",,12720268,Business
"Educational Services, Health Care & Social Assistance",,11070151,Business
"Arts, Entertainment & Recreation and Accommodation & Food Services",,3850593,Business
"Other Services, Except Public Administration",,2102540,Business
Public Administration,,4470312,Business
Active Duty Military,,343859,Business
"Agriculture, Forestry, Fishing and Hunting, and Mining",,56076,Communications
Construction,,214854,Communications
Manufacturing,,813190,Communications
Wholesale Trade,,414190,Communications
Retail Trade,,1122806,Communications
"Transportation & Warehousing, and Utilities",,373239,Communications
Information,,1602131,Communications
"Finance & Insurance, and Real Estate, Rental & Leasing",,1419390,Communications
"Professional, Scientific & Management, and Administrative & Waste Management Services",,2557581,Communications
"Educational Services, Health Care & Social Assistance",,3195318,Communications
"Arts, Entertainment & Recreation and Accommodation & Food Services",,1004689,Communications
"Other Services, Except Public Administration",,651794,Communications
Public Administration,,658221,Communications
Active Duty Military,,43948,Communications
"Agriculture, Forestry, Fishing and Hunting, and Mining",,63110,Computer and Information Sciences and Support Services
Construction,,169814,Computer and Information Sciences and Support Services
Manufacturing,,1303686,Computer and Information Sciences and Support Services
Wholesale Trade,,259115,Computer and Information Sciences and Support Services
Retail Trade,,744474,Computer and Information Sciences and Support Services
"Transportation & Warehousing, and Utilities",,408135,Computer and Information Sciences and Support Services
Information,,851751,Computer and Information Sciences and Support Services
"Finance & Insurance, and Real Estate, Rental & Leasing",,1389064,Computer and Information Sciences and Support Services
"Professional, Scientific & Management, and Administrative & Waste Management Services",,4161515,Computer and Information Sciences and Support Services
"Educational Services, Health Care & Social Assistance",,1684675,Computer and Information Sciences and Support Services
"Arts, Entertainment & Recreation and Accommodation & Food Services",,321975,Computer and Information Sciences and Support Services
"Other Services, Except Public Administration",,223384,Computer and Information Sciences and Support Services
Public Administration,,710027,Computer and Information Sciences and Support Services
Active Duty Military,,79687,Computer and Information Sciences and Support Services
"Agriculture, Forestry, Fishing and Hunting, and Mining",,38858,History
Construction,,120349,History
Manufacturing,,311941,History
Wholesale Trade,,152672,History
Retail Trade,,437140,History
"Transportation & Warehousing, and Utilities",,179994,History
Information,,267296,History
"Finance & Insurance, and Real Estate, Rental & Leasing",,661933,History
"Professional, Scientific & Management, and Administrative & Waste Management Services",,1185715,History
"Educational Services, Health Care & Social Assistance",,2138086,History
"Arts, Entertainment & Recreation and Accommodation & Food Services",,371130,History
"Other Services, Except Public Administration",,312090,History
Public Administration,,587155,History
Active Duty Military,,90983,History
"Agriculture, Forestry, Fishing and Hunting, and Mining",,23407,Math & Statistics
Construction,,63096,Math & Statistics
Manufacturing,,358382,Math & Statistics
Wholesale Trade,,80032,Math & Statistics
Retail Trade,,227410,Math & Statistics
"Transportation & Warehousing, and Utilities",,124371,Math & Statistics
Information,,148741,Math & Statistics
"Finance & Insurance, and Real Estate, Rental & Leasing",,640105,Math & Statistics
"Professional, Scientific & Management, and Administrative & Waste Management Services",,914139,Math & Statistics
"Educational Services, Health Care & Social Assistance",,1601978,Math & Statistics
"Arts, Entertainment & Recreation and Accommodation & Food Services",,124124,Math & Statistics
"Other Services, Except Public Administration",,106622,Math & Statistics
Public Administration,,235683,Math & Statistics
Active Duty Military,,25007,Math & Statistics
"Agriculture, Forestry, Fishing and Hunting, and Mining",,457970,Engineering
Construction,,1534257,Engineering
Manufacturing,,7631594,Engineering
Wholesale Trade,,685188,Engineering
Retail Trade,,1070616,Engineering
"Transportation & Warehousing, and Utilities",,1406279,Engineering
Information,,858678,Engineering
"Finance & Insurance, and Real Estate, Rental & Leasing",,1509346,Engineering
"Professional, Scientific & Management, and Administrative & Waste Management Services",,7264855,Engineering
"Educational Services, Health Care & Social Assistance",,2900492,Engineering
"Arts, Entertainment & Recreation and Accommodation & Food Services",,552961,Engineering
"Other Services, Except Public Administration",,411687,Engineering
Public Administration,,1426074,Engineering
Active Duty Military,,250312,Engineering
"Agriculture, Forestry, Fishing and Hunting, and Mining",,40786,Health
Construction,,107810,Health
Manufacturing,,542878,Health
Wholesale Trade,,188768,Health
Retail Trade,,1450092,Health
"Transportation & Warehousing, and Utilities",,169113,Health
Information,,119199,Health
"Finance & Insurance, and Real Estate, Rental & Leasing",,753962,Health
"Professional, Scientific & Management, and Administrative & Waste Management Services",,1165188,Health
"Educational Services, Health Care & Social Assistance",,20244723,Health
"Arts, Entertainment & Recreation and Accommodation & Food Services",,521695,Health
"Other Services, Except Public Administration",,353039,Health
Public Administration,,830636,Health
Active Duty Military,,80311,Health
"Agriculture, Forestry, Fishing and Hunting, and Mining",,50419,Psychology
Construction,,188984,Psychology
Manufacturing,,584554,Psychology
Wholesale Trade,,256910,Psychology
Retail Trade,,913703,Psychology
"Transportation & Warehousing, and Utilities",,311916,Psychology
Information,,317530,Psychology
"Finance & Insurance, and Real Estate, Rental & Leasing",,1187452,Psychology
"Professional, Scientific & Management, and Administrative & Waste Management Services",,1753577,Psychology
"Educational Services, Health Care & Social Assistance",,8240193,Psychology
"Arts, Entertainment & Recreation and Accommodation & Food Services",,743350,Psychology
"Other Services, Except Public Administration",,616727,Psychology
Public Administration,,1194480,Psychology
Active Duty Military,,73877,Psychology
"Agriculture, Forestry, Fishing and Hunting, and Mining",2020,8685,Communications
Construction,2020,39305,Communications
Manufacturing,2020,129369,Communications
Wholesale Trade,2020,65906,Communications
Retail Trade,2020,172350,Communications
"Transportation & Warehousing, and Utilities",2020,63638,Communications
Information,2020,234538,Communications
"Finance & Insurance, and Real Estate, Rental & Leasing",2020,228884,Communications
"Professional, Scientific & Management, and Administrative & Waste Management Services",2020,427146,Communications
"Educational Services, Health Care & Social Assistance",2020,509377,Communications
"Arts, Entertainment & Recreation and Accommodation & Food Services",2020,157519,Communications
"Other Services, Except Public Administration",2020,106937,Communications
Public Administration,2020,104897,Communications
Active Duty Military,2020,6802,Communications
"Agriculture, Forestry, Fishing and Hunting, and Mining",2019,8710,Communications
Construction,2019,35913,Communications
Manufacturing,2019,125054,Communications
Wholesale Trade,2019,64400,Communications
Retail Trade,2019,165667,Communications
"Transportation & Warehousing, and Utilities",2019,60064,Communications
Information,2019,235146,Communications
"Finance & Insurance, and Real Estate, Rental & Leasing",2019,218690,Communications
"Professional, Scientific & Management, and Administrative & Waste Management Services",2019,404271,Communications
"Educational Services, Health Care & Social Assistance",2019,490314,Communications
"Arts, Entertainment & Recreation and Accommodation & Food Services",2019,156387,Communications
"Other Services, Except Public Administration",2019,103827,Communications
Public Administration,2019,99608,Communications
Active Duty Military,2019,6608,Communications
"Agriculture, Forestry, Fishing and Hunting, and Mining",2018,8524,Communications
Construction,2018,32220,Communications
Manufacturing,2018,119761,Communications
Wholesale Trade,2018,61548,Communications
Retail Trade,2018,162432,Communications
"Transportation & Warehousing, and Utilities",2018,56420,Communications
Information,2018,236192,Communications
"Finance & Insurance, and Real Estate, Rental & Leasing",2018,208686,Communications
"Professional, Scientific & Management, and Administrative & Waste Management Services",2018,384108,Communications
"Educational Services, Health Care & Social Assistance",2018,473296,Communications
"Arts, Entertainment & Recreation and Accommodation & Food Services",2018,151401,Communications
"Other Services, Except Public Administration",2018,97576,Communications
Public Administration,2018,96368,Communications
Active Duty Military,2018,6284,Communications
"Agriculture, Forestry, Fishing and Hunting, and Mining",2017,8240,Communications
Construction,2017,29416,Communications
Manufacturing,2017,116738,Communications
Wholesale Trade,2017,58764,Communications
Retail Trade,2017,159026,Communications
"Transportation & Warehousing, and Utilities",2017,52946,Communications
Information,2017,232702,Communications
"Finance & Insurance, and Real Estate, Rental & Leasing",2017,201547,Communications
"Professional, Scientific & Management, and Administrative & Waste Management Services",2017,362574,Communications
"Educational Services, Health Care & Social Assistance",2017,457361,Communications
"Arts, Entertainment & Recreation and Accommodation & Food Services",2017,143649,Communications
"Other Services, Except Public Administration",2017,91982,Communications
Public Administration,2017,92658,Communications
Active Duty Military,2017,6654,Communications
"Agriculture, Forestry, Fishing and Hunting, and Mining",2016,7892,Communications
Construction,2016,27220,Communications
Manufacturing,2016,112141,Communications
Wholesale Trade,2016,56619,Communications
Retail Trade,2016,158468,Communications
"Transportation & Warehousing, and Utilities",2016,49971,Communications
Information,2016,227917,Communications
"Finance & Insurance, and Real Estate, Rental & Leasing",2016,193395,Communications
"Professional, Scientific & Management, and Administrative & Waste Management Services",2016,347111,Communications
"Educational Services, Health Care & Social Assistance",2016,440037,Communications
"Arts, Entertainment & Recreation and Accommodation & Food Services",2016,136623,Communications
"Other Services, Except Public Administration",2016,87484,Communications
Public Administration,2016,90815,Communications
Active Duty Military,2016,6033,Communications
"Agriculture, Forestry, Fishing and Hunting, and Mining",2015,7195,Communications
Construction,2015,25990,Communications
Manufacturing,2015,106616,Communications
Wholesale Trade,2015,54515,Communications
Retail Trade,2015,154298,Communications
"Transportation & Warehousing, and Utilities",2015,46496,Communications
Information,2015,220429,Communications
"Finance & Insurance, and Real Estate, Rental & Leasing",2015,187649,Communications
"Professional, Scientific & Management, and Administrative & Waste Management Services",2015,325570,Communications
"Educational Services, Health Care & Social Assistance",2015,421801,Communications
"Arts, Entertainment & Recreation and Accommodation & Food Services",2015,132608,Communications
"Other Services, Except Public Administration",2015,83701,Communications
Public Administration,2015,87715,Communications
Active Duty Military,2015,6017,Communications
"Agriculture, Forestry, Fishing and Hunting, and Mining",2014,6830,Communications
Construction,2014,24790,Communications
Manufacturing,2014,103511,Communications
Wholesale Trade,2014,52438,Communications
Retail Trade,2014,150565,Communications
"Transportation & Warehousing, and Utilities",2014,43704,Communications
Information,2014,215207,Communications
"Finance & Insurance, and Real Estate, Rental & Leasing",2014,180539,Communications
"Professional, Scientific & Management, and Administrative & Waste Management Services",2014,306801,Communications
"Educational Services, Health Care & Social Assistance",2014,403132,Communications
"Arts, Entertainment & Recreation and Accommodation & Food Services",2014,126502,Communications
"Other Services, Except Public Administration",2014,80287,Communications
Public Administration,2014,86160,Communications
Active Duty Military,2014,5550,Communications
"Agriculture, Forestry, Fishing and Hunting, and Mining",2020,10109,Computer and Information Sciences and Support Services
Construction,2020,31908,Computer and Information Sciences and Support Services
Manufacturing,2020,198462,Computer and Information Sciences and Support Services
Wholesale Trade,2020,40148,Computer and Information Sciences and Support Services
Retail Trade,2020,121973,Computer and Information Sciences and Support Services
"Transportation & Warehousing, and Utilities",2020,72304,Computer and Information Sciences and Support Services
Information,2020,134845,Computer and Information Sciences and Support Services
"Finance & Insurance, and Real Estate, Rental & Leasing",2020,237922,Computer and Information Sciences and Support Services
"Professional, Scientific & Management, and Administrative & Waste Management Services",2020,720774,Computer and Information Sciences and Support Services
"Educational Services, Health Care & Social Assistance",2020,274479,Computer and Information Sciences and Support Services
"Arts, Entertainment & Recreation and Accommodation & Food Services",2020,55417,Computer and Information Sciences and Support Services
"Other Services, Except Public Administration",2020,36729,Computer and Information Sciences and Support Services
Public Administration,2020,114534,Computer and Information Sciences and Support Services
Active Duty Military,2020,14289,Computer and Information Sciences and Support Services
"Agriculture, Forestry, Fishing and Hunting, and Mining",2019,10094,Computer and Information Sciences and Support Services
Construction,2019,28305,Computer and Information Sciences and Support Services
Manufacturing,2019,191574,Computer and Information Sciences and Support Services
Wholesale Trade,2019,39033,Computer and Information Sciences and Support Services
Retail Trade,2019,115815,Computer and Information Sciences and Support Services
"Transportation & Warehousing, and Utilities",2019,67512,Computer and Information Sciences and Support Services
Information,2019,131988,Computer and Information Sciences and Support Services
"Finance & Insurance, and Real Estate, Rental & Leasing",2019,224413,Computer and Information Sciences and Support Services
"Professional, Scientific & Management, and Administrative & Waste Management Services",2019,681544,Computer and Information Sciences and Support Services
"Educational Services, Health Care & Social Assistance",2019,263748,Computer and Information Sciences and Support Services
"Arts, Entertainment & Recreation and Accommodation & Food Services",2019,53250,Computer and Information Sciences and Support Services
"Other Services, Except Public Administration",2019,34074,Computer and Information Sciences and Support Services
Public Administration,2019,110369,Computer and Information Sciences and Support Services
Active Duty Military,2019,12729,Computer and Information Sciences and Support Services
"Agriculture, Forestry, Fishing and Hunting, and Mining",2018,9188,Computer and Information Sciences and Support Services
Construction,2018,26151,Computer and Information Sciences and Support Services
Manufacturing,2018,186881,Computer and Information Sciences and Support Services
Wholesale Trade,2018,38946,Computer and Information Sciences and Support Services
Retail Trade,2018,110278,Computer and Information Sciences and Support Services
"Transportation & Warehousing, and Utilities",2018,62115,Computer and Information Sciences and Support Services
Information,2018,129215,Computer and Information Sciences and Support Services
"Finance & Insurance, and Real Estate, Rental & Leasing",2018,210563,Computer and Information Sciences and Support Services
"Professional, Scientific & Management, and Administrative & Waste Management Services",2018,631093,Computer and Information Sciences and Support Services
"Educational Services, Health Care & Social Assistance",2018,251297,Computer and Information Sciences and Support Services
"Arts, Entertainment & Recreation and Accommodation & Food Services",2018,49186,Computer and Information Sciences and Support Services
"Other Services, Except Public Administration",2018,33567,Computer and Information Sciences and Support Services
Public Administration,2018,107378,Computer and Information Sciences and Support Services
Active Duty Military,2018,11545,Computer and Information Sciences and Support Services
"Agriculture, Forestry, Fishing and Hunting, and Mining",2017,9449,Computer and Information Sciences and Support Services
Construction,2017,23830,Computer and Information Sciences and Support Services
Manufacturing,2017,185055,Computer and Information Sciences and Support Services
Wholesale Trade,2017,37656,Computer and Information Sciences and Support Services
Retail Trade,2017,105809,Computer and Information Sciences and Support Services
"Transportation & Warehousing, and Utilities",2017,57157,Computer and Information Sciences and Support Services
Information,2017,123869,Computer and Information Sciences and Support Services
"Finance & Insurance, and Real Estate, Rental & Leasing",2017,196017,Computer and Information Sciences and Support Services
"Professional, Scientific & Management, and Administrative & Waste Management Services",2017,590849,Computer and Information Sciences and Support Services
"Educational Services, Health Care & Social Assistance",2017,241539,Computer and Information Sciences and Support Services
"Arts, Entertainment & Recreation and Accommodation & Food Services",2017,45489,Computer and Information Sciences and Support Services
"Other Services, Except Public Administration",2017,32110,Computer and Information Sciences and Support Services
Public Administration,2017,101035,Computer and Information Sciences and Support Services
Active Duty Military,2017,10999,Computer and Information Sciences and Support Services
"Agriculture, Forestry, Fishing and Hunting, and Mining",2016,8846,Computer and Information Sciences and Support Services
Construction,2016,21604,Computer and Information Sciences and Support Services
Manufacturing,2016,182317,Computer and Information Sciences and Support Services
Wholesale Trade,2016,36275,Computer and Information Sciences and Support Services
Retail Trade,2016,100447,Computer and Information Sciences and Support Services
"Transportation & Warehousing, and Utilities",2016,52768,Computer and Information Sciences and Support Services
Information,2016,116294,Computer and Information Sciences and Support Services
"Finance & Insurance, and Real Estate, Rental & Leasing",2016,183908,Computer and Information Sciences and Support Services
"Professional, Scientific & Management, and Administrative & Waste Management Services",2016,550479,Computer and Information Sciences and Support Services
"Educational Services, Health Care & Social Assistance",2016,229911,Computer and Information Sciences and Support Services
"Arts, Entertainment & Recreation and Accommodation & Food Services",2016,42904,Computer and Information Sciences and Support Services
"Other Services, Except Public Administration",2016,29849,Computer and Information Sciences and Support Services
Public Administration,2016,96415,Computer and Information Sciences and Support Services
Active Duty Military,2016,10717,Computer and Information Sciences and Support Services
"Agriculture, Forestry, Fishing and Hunting, and Mining",2015,7957,Computer and Information Sciences and Support Services
Construction,2015,19813,Computer and Information Sciences and Support Services
Manufacturing,2015,180770,Computer and Information Sciences and Support Services
Wholesale Trade,2015,33746,Computer and Information Sciences and Support Services
Retail Trade,2015,97382,Computer and Information Sciences and Support Services
"Transportation & Warehousing, and Utilities",2015,49626,Computer and Information Sciences and Support Services
Information,2015,111674,Computer and Information Sciences and Support Services
"Finance & Insurance, and Real Estate, Rental & Leasing",2015,171757,Computer and Information Sciences and Support Services
"Professional, Scientific & Management, and Administrative & Waste Management Services",2015,512445,Computer and Information Sciences and Support Services
"Educational Services, Health Care & Social Assistance",2015,219321,Computer and Information Sciences and Support Services
"Arts, Entertainment & Recreation and Accommodation & Food Services",2015,39926,Computer and Information Sciences and Support Services
"Other Services, Except Public Administration",2015,28729,Computer and Information Sciences and Support Services
Public Administration,2015,92213,Computer and Information Sciences and Support Services
Active Duty Military,2015,9876,Computer and Information Sciences and Support Services
"Agriculture, Forestry, Fishing and Hunting, and Mining",2014,7467,Computer and Information Sciences and Support Services
Construction,2014,18203,Computer and Information Sciences and Support Services
Manufacturing,2014,178627,Computer and Information Sciences and Support Services
Wholesale Trade,2014,33311,Computer and Information Sciences and Support Services
Retail Trade,2014,92770,Computer and Information Sciences and Support Services
"Transportation & Warehousing, and Utilities",2014,46653,Computer and Information Sciences and Support Services
Information,2014,103866,Computer and Information Sciences and Support Services
"Finance & Insurance, and Real Estate, Rental & Leasing",2014,164484,Computer and Information Sciences and Support Services
"Professional, Scientific & Management, and Administrative & Waste Management Services",2014,474331,Computer and Information Sciences and Support Services
"Educational Services, Health Care & Social Assistance",2014,204380,Computer and Information Sciences and Support Services
"Arts, Entertainment & Recreation and Accommodation & Food Services",2014,35803,Computer and Information Sciences and Support Services
"Other Services, Except Public Administration",2014,28326,Computer and Information Sciences and Support Services
Public Administration,2014,88083,Computer and Information Sciences and Support Services
Active Duty Military,2014,9532,Computer and Information Sciences and Support Services
"Agriculture, Forestry, Fishing and Hunting, and Mining",2020,4936,History
Construction,2020,19675,History
Manufacturing,2020,47168,History
Wholesale Trade,2020,22086,History
Retail Trade,2020,62951,History
"Transportation & Warehousing, and Utilities",2020,29776,History
Information,2020,35908,History
"Finance & Insurance, and Real Estate, Rental & Leasing",2020,98687,History
"Professional, Scientific & Management, and Administrative & Waste Management Services",2020,185789,History
"Educational Services, Health Care & Social Assistance",2020,325807,History
"Arts, Entertainment & Recreation and Accommodation & Food Services",2020,54434,History
"Other Services, Except Public Administration",2020,46407,History
Public Administration,2020,87676,History
Active Duty Military,2020,13245,History
"Agriculture, Forestry, Fishing and Hunting, and Mining",2019,5214,History
Construction,2019,18429,History
Manufacturing,2019,46224,History
Wholesale Trade,2019,22666,History
Retail Trade,2019,61970,History
"Transportation & Warehousing, and Utilities",2019,28061,History
Information,2019,36992,History
"Finance & Insurance, and Real Estate, Rental & Leasing",2019,97940,History
"Professional, Scientific & Management, and Administrative & Waste Management Services",2019,179267,History
"Educational Services, Health Care & Social Assistance",2019,315501,History
"Arts, Entertainment & Recreation and Accommodation & Food Services",2019,54756,History
"Other Services, Except Public Administration",2019,45302,History
Public Administration,2019,86565,History
Active Duty Military,2019,12835,History
"Agriculture, Forestry, Fishing and Hunting, and Mining",2018,5757,History
Construction,2018,17658,History
Manufacturing,2018,45894,History
Wholesale Trade,2018,22506,History
Retail Trade,2018,62701,History
"Transportation & Warehousing, and Utilities",2018,26415,History
Information,2018,39070,History
"Finance & Insurance, and Real Estate, Rental & Leasing",2018,97723,History
"Professional, Scientific & Management, and Administrative & Waste Management Services",2018,174044,History
"Educational Services, Health Care & Social Assistance",2018,308870,History
"Arts, Entertainment & Recreation and Accommodation & Food Services",2018,53698,History
"Other Services, Except Public Administration",2018,44523,History
Public Administration,2018,85668,History
Active Duty Military,2018,12609,History
"Agriculture, Forestry, Fishing and Hunting, and Mining",2017,6012,History
Construction,2017,16862,History
Manufacturing,2017,45606,History
Wholesale Trade,2017,23002,History
Retail Trade,2017,63146,History
"Transportation & Warehousing, and Utilities",2017,25372,History
Information,2017,40038,History
"Finance & Insurance, and Real Estate, Rental & Leasing",2017,94927,History
"Professional, Scientific & Management, and Administrative & Waste Management Services",2017,170125,History
"Educational Services, Health Care & Social Assistance",2017,305077,History
"Arts, Entertainment & Recreation and Accommodation & Food Services",2017,53296,History
"Other Services, Except Public Administration",2017,44858,History
Public Administration,2017,83122,History
Active Duty Military,2017,12922,History
"Agriculture, Forestry, Fishing and Hunting, and Mining",2016,5863,History
Construction,2016,16097,History
Manufacturing,2016,44321,History
Wholesale Trade,2016,21335,History
Retail Trade,2016,62518,History
"Transportation & Warehousing, and Utilities",2016,24300,History
Information,2016,39103,History
"Finance & Insurance, and Real Estate, Rental & Leasing",2016,92411,History
"Professional, Scientific & Management, and Administrative & Waste Management Services",2016,163144,History
"Educational Services, Health Care & Social Assistance",2016,297963,History
"Arts, Entertainment & Recreation and Accommodation & Food Services",2016,52603,History
"Other Services, Except Public Administration",2016,43776,History
Public Administration,2016,81431,History
Active Duty Military,2016,13402,History
"Agriculture, Forestry, Fishing and Hunting, and Mining",2015,5846,History
Construction,2015,16118,History
Manufacturing,2015,42054,History
Wholesale Trade,2015,20904,History
Retail Trade,2015,62099,History
"Transportation & Warehousing, and Utilities",2015,23301,History
Information,2015,38264,History
"Finance & Insurance, and Real Estate, Rental & Leasing",2015,91150,History
"Professional, Scientific & Management, and Administrative & Waste Management Services",2015,158601,History
"Educational Services, Health Care & Social Assistance",2015,293811,History
"Arts, Entertainment & Recreation and Accommodation & Food Services",2015,51709,History
"Other Services, Except Public Administration",2015,43627,History
Public Administration,2015,81343,History
Active Duty Military,2015,13078,History
"Agriculture, Forestry, Fishing and Hunting, and Mining",2014,5230,History
Construction,2014,15510,History
Manufacturing,2014,40674,History
Wholesale Trade,2014,20173,History
Retail Trade,2014,61755,History
"Transportation & Warehousing, and Utilities",2014,22769,History
Information,2014,37921,History
"Finance & Insurance, and Real Estate, Rental & Leasing",2014,89095,History
"Professional, Scientific & Management, and Administrative & Waste Management Services",2014,154745,History
"Educational Services, Health Care & Social Assistance",2014,291057,History
"Arts, Entertainment & Recreation and Accommodation & Food Services",2014,50634,History
"Other Services, Except Public Administration",2014,43597,History
Public Administration,2014,81350,History
Active Duty Military,2014,12892,History
"Agriculture, Forestry, Fishing and Hunting, and Mining",2020,3254,Math & Statistics
Construction,2020,9813,Math & Statistics
Manufacturing,2020,53853,Math & Statistics
Wholesale Trade,2020,11705,Math & Statistics
Retail Trade,2020,34836,Math & Statistics
"Transportation & Warehousing, and Utilities",2020,21305,Math & Statistics
Information,2020,23526,Math & Statistics
"Finance & Insurance, and Real Estate, Rental & Leasing",2020,100873,Math & Statistics
"Professional, Scientific & Management, and Administrative & Waste Management Services",2020,146560,Math & Statistics
"Educational Services, Health Care & Social Assistance",2020,243108,Math & Statistics
"Arts, Entertainment & Recreation and Accommodation & Food Services",2020,20524,Math & Statistics
"Other Services, Except Public Administration",2020,16439,Math & Statistics
Public Administration,2020,35125,Math & Statistics
Active Duty Military,2020,4180,Math & Statistics
"Agriculture, Forestry, Fishing and Hunting, and Mining",2019,3422,Math & Statistics
Construction,2019,9808,Math & Statistics
Manufacturing,2019,51872,Math & Statistics
Wholesale Trade,2019,11571,Math & Statistics
Retail Trade,2019,34916,Math & Statistics
"Transportation & Warehousing, and Utilities",2019,19035,Math & Statistics
Information,2019,22229,Math & Statistics
"Finance & Insurance, and Real Estate, Rental & Leasing",2019,99300,Math & Statistics
"Professional, Scientific & Management, and Administrative & Waste Management Services",2019,139364,Math & Statistics
"Educational Services, Health Care & Social Assistance",2019,235980,Math & Statistics
"Arts, Entertainment & Recreation and Accommodation & Food Services",2019,20012,Math & Statistics
"Other Services, Except Public Administration",2019,15033,Math & Statistics
Public Administration,2019,34436,Math & Statistics
Active Duty Military,2019,3911,Math & Statistics
"Agriculture, Forestry, Fishing and Hunting, and Mining",2018,3404,Math & Statistics
Construction,2018,9479,Math & Statistics
Manufacturing,2018,50657,Math & Statistics
Wholesale Trade,2018,12400,Math & Statistics
Retail Trade,2018,33435,Math & Statistics
"Transportation & Warehousing, and Utilities",2018,18348,Math & Statistics
Information,2018,22171,Math & Statistics
"Finance & Insurance, and Real Estate, Rental & Leasing",2018,95656,Math & Statistics
"Professional, Scientific & Management, and Administrative & Waste Management Services",2018,135154,Math & Statistics
"Educational Services, Health Care & Social Assistance",2018,232774,Math & Statistics
"Arts, Entertainment & Recreation and Accommodation & Food Services",2018,19018,Math & Statistics
"Other Services, Except Public Administration",2018,15239,Math & Statistics
Public Administration,2018,33725,Math & Statistics
Active Duty Military,2018,3403,Math & Statistics
"Agriculture, Forestry, Fishing and Hunting, and Mining",2017,3377,Math & Statistics
Construction,2017,9203,Math & Statistics
Manufacturing,2017,50100,Math & Statistics
Wholesale Trade,2017,11673,Math & Statistics
Retail Trade,2017,32015,Math & Statistics
"Transportation & Warehousing, and Utilities",2017,17142,Math & Statistics
Information,2017,21842,Math & Statistics
"Finance & Insurance, and Real Estate, Rental & Leasing",2017,90950,Math & Statistics
"Professional, Scientific & Management, and Administrative & Waste Management Services",2017,129911,Math & Statistics
"Educational Services, Health Care & Social Assistance",2017,228579,Math & Statistics
"Arts, Entertainment & Recreation and Accommodation & Food Services",2017,17600,Math & Statistics
"Other Services, Except Public Administration",2017,15229,Math & Statistics
Public Administration,2017,33987,Math & Statistics
Active Duty Military,2017,3323,Math & Statistics
"Agriculture, Forestry, Fishing and Hunting, and Mining",2016,3407,Math & Statistics
Construction,2016,8659,Math & Statistics
Manufacturing,2016,49794,Math & Statistics
Wholesale Trade,2016,11216,Math & Statistics
Retail Trade,2016,30564,Math & Statistics
"Transportation & Warehousing, and Utilities",2016,16343,Math & Statistics
Information,2016,20711,Math & Statistics
"Finance & Insurance, and Real Estate, Rental & Leasing",2016,87944,Math & Statistics
"Professional, Scientific & Management, and Administrative & Waste Management Services",2016,124578,Math & Statistics
"Educational Services, Health Care & Social Assistance",2016,222623,Math & Statistics
"Arts, Entertainment & Recreation and Accommodation & Food Services",2016,16744,Math & Statistics
"Other Services, Except Public Administration",2016,14786,Math & Statistics
Public Administration,2016,32834,Math & Statistics
Active Duty Military,2016,3453,Math & Statistics
"Agriculture, Forestry, Fishing and Hunting, and Mining",2015,3364,Math & Statistics
Construction,2015,8160,Math & Statistics
Manufacturing,2015,50395,Math & Statistics
Wholesale Trade,2015,10897,Math & Statistics
Retail Trade,2015,30831,Math & Statistics
"Transportation & Warehousing, and Utilities",2015,15889,Math & Statistics
Information,2015,19392,Math & Statistics
"Finance & Insurance, and Real Estate, Rental & Leasing",2015,84397,Math & Statistics
"Professional, Scientific & Management, and Administrative & Waste Management Services",2015,120997,Math & Statistics
"Educational Services, Health Care & Social Assistance",2015,220651,Math & Statistics
"Arts, Entertainment & Recreation and Accommodation & Food Services",2015,15411,Math & Statistics
"Other Services, Except Public Administration",2015,15043,Math & Statistics
Public Administration,2015,32894,Math & Statistics
Active Duty Military,2015,3358,Math & Statistics
"Agriculture, Forestry, Fishing and Hunting, and Mining",2014,3179,Math & Statistics
Construction,2014,7974,Math & Statistics
Manufacturing,2014,51711,Math & Statistics
Wholesale Trade,2014,10570,Math & Statistics
Retail Trade,2014,30813,Math & Statistics
"Transportation & Warehousing, and Utilities",2014,16309,Math & Statistics
Information,2014,18870,Math & Statistics
"Finance & Insurance, and Real Estate, Rental & Leasing",2014,80985,Math & Statistics
"Professional, Scientific & Management, and Administrative & Waste Management Services",2014,117575,Math & Statistics
"Educational Services, Health Care & Social Assistance",2014,218263,Math & Statistics
"Arts, Entertainment & Recreation and Accommodation & Food Services",2014,14815,Math & Statistics
"Other Services, Except Public Administration",2014,14853,Math & Statistics
Public Administration,2014,32682,Math & Statistics
Active Duty Military,2014,3379,Math & Statistics
"Agriculture, Forestry, Fishing and Hunting, and Mining",2020,65757,Engineering
Construction,2020,252914,Engineering
Manufacturing,2020,1184128,Engineering
Wholesale Trade,2020,99759,Engineering
Retail Trade,2020,174416,Engineering
"Transportation & Warehousing, and Utilities",2020,222087,Engineering
Information,2020,131323,Engineering
"Finance & Insurance, and Real Estate, Rental & Leasing",2020,251887,Engineering
"Professional, Scientific & Management, and Administrative & Waste Management Services",2020,1174165,Engineering
"Educational Services, Health Care & Social Assistance",2020,463568,Engineering
"Arts, Entertainment & Recreation and Accommodation & Food Services",2020,88512,Engineering
"Other Services, Except Public Administration",2020,63853,Engineering
Public Administration,2020,225181,Engineering
Active Duty Military,2020,42336,Engineering
"Agriculture, Forestry, Fishing and Hunting, and Mining",2019,68929,Engineering
Construction,2019,235071,Engineering
Manufacturing,2019,1150686,Engineering
Wholesale Trade,2019,99764,Engineering
Retail Trade,2019,166215,Engineering
"Transportation & Warehousing, and Utilities",2019,215070,Engineering
Information,2019,129816,Engineering
"Finance & Insurance, and Real Estate, Rental & Leasing",2019,238250,Engineering
"Professional, Scientific & Management, and Administrative & Waste Management Services",2019,1129694,Engineering
"Educational Services, Health Care & Social Assistance",2019,449401,Engineering
"Arts, Entertainment & Recreation and Accommodation & Food Services",2019,86534,Engineering
"Other Services, Except Public Administration",2019,63206,Engineering
Public Administration,2019,212523,Engineering
Active Duty Military,2019,38331,Engineering
"Agriculture, Forestry, Fishing and Hunting, and Mining",2018,68451,Engineering
Construction,2018,223924,Engineering
Manufacturing,2018,1110240,Engineering
Wholesale Trade,2018,101814,Engineering
Retail Trade,2018,160009,Engineering
"Transportation & Warehousing, and Utilities",2018,208662,Engineering
Information,2018,129869,Engineering
"Finance & Insurance, and Real Estate, Rental & Leasing",2018,227772,Engineering
"Professional, Scientific & Management, and Administrative & Waste Management Services",2018,1080906,Engineering
"Educational Services, Health Care & Social Assistance",2018,433597,Engineering
"Arts, Entertainment & Recreation and Accommodation & Food Services",2018,84341,Engineering
"Other Services, Except Public Administration",2018,61337,Engineering
Public Administration,2018,207623,Engineering
Active Duty Military,2018,36625,Engineering
"Agriculture, Forestry, Fishing and Hunting, and Mining",2017,67658,Engineering
Construction,2017,214503,Engineering
Manufacturing,2017,1080793,Engineering
Wholesale Trade,2017,101605,Engineering
Retail Trade,2017,151711,Engineering
"Transportation & Warehousing, and Utilities",2017,200284,Engineering
Information,2017,126936,Engineering
"Finance & Insurance, and Real Estate, Rental & Leasing",2017,214408,Engineering
"Professional, Scientific & Management, and Administrative & Waste Management Services",2017,1033003,Engineering
"Educational Services, Health Care & Social Assistance",2017,416181,Engineering
"Arts, Entertainment & Recreation and Accommodation & Food Services",2017,79839,Engineering
"Other Services, Except Public Administration",2017,59077,Engineering
Public Administration,2017,201250,Engineering
Active Duty Military,2017,35054,Engineering
"Agriculture, Forestry, Fishing and Hunting, and Mining",2016,67019,Engineering
Construction,2016,208410,Engineering
Manufacturing,2016,1059029,Engineering
Wholesale Trade,2016,97432,Engineering
Retail Trade,2016,144897,Engineering
"Transportation & Warehousing, and Utilities",2016,192306,Engineering
Information,2016,119923,Engineering
"Finance & Insurance, and Real Estate, Rental & Leasing",2016,202124,Engineering
"Professional, Scientific & Management, and Administrative & Waste Management Services",2016,986990,Engineering
"Educational Services, Health Care & Social Assistance",2016,392012,Engineering
"Arts, Entertainment & Recreation and Accommodation & Food Services",2016,74613,Engineering
"Other Services, Except Public Administration",2016,55050,Engineering
Public Administration,2016,195255,Engineering
Active Duty Military,2016,33475,Engineering
"Agriculture, Forestry, Fishing and Hunting, and Mining",2015,62861,Engineering
Construction,2015,201410,Engineering
Manufacturing,2015,1032783,Engineering
Wholesale Trade,2015,94173,Engineering
Retail Trade,2015,139960,Engineering
"Transportation & Warehousing, and Utilities",2015,185472,Engineering
Information,2015,114283,Engineering
"Finance & Insurance, and Real Estate, Rental & Leasing",2015,192609,Engineering
"Professional, Scientific & Management, and Administrative & Waste Management Services",2015,947908,Engineering
"Educational Services, Health Care & Social Assistance",2015,381829,Engineering
"Arts, Entertainment & Recreation and Accommodation & Food Services",2015,71414,Engineering
"Other Services, Except Public Administration",2015,55302,Engineering
Public Administration,2015,193318,Engineering
Active Duty Military,2015,32717,Engineering
"Agriculture, Forestry, Fishing and Hunting, and Mining",2014,57295,Engineering
Construction,2014,198025,Engineering
Manufacturing,2014,1013935,Engineering
Wholesale Trade,2014,90641,Engineering
Retail Trade,2014,133408,Engineering
"Transportation & Warehousing, and Utilities",2014,182398,Engineering
Information,2014,106528,Engineering
"Finance & Insurance, and Real Estate, Rental & Leasing",2014,182296,Engineering
"Professional, Scientific & Management, and Administrative & Waste Management Services",2014,912189,Engineering
"Educational Services, Health Care & Social Assistance",2014,363904,Engineering
"Arts, Entertainment & Recreation and Accommodation & Food Services",2014,67708,Engineering
"Other Services, Except Public Administration",2014,53862,Engineering
Public Administration,2014,190924,Engineering
Active Duty Military,2014,31774,Engineering
"Agriculture, Forestry, Fishing and Hunting, and Mining",2020,6530,Health
Construction,2020,21455,Health
Manufacturing,2020,91542,Health
Wholesale Trade,2020,29984,Health
Retail Trade,2020,222137,Health
"Transportation & Warehousing, and Utilities",2020,30796,Health
Information,2020,21534,Health
"Finance & Insurance, and Real Estate, Rental & Leasing",2020,132450,Health
"Professional, Scientific & Management, and Administrative & Waste Management Services",2020,204973,Health
"Educational Services, Health Care & Social Assistance",2020,3240173,Health
"Arts, Entertainment & Recreation and Accommodation & Food Services",2020,90154,Health
"Other Services, Except Public Administration",2020,58917,Health
Public Administration,2020,138945,Health
Active Duty Military,2020,14062,Health
"Agriculture, Forestry, Fishing and Hunting, and Mining",2019,6051,Health
Construction,2019,18466,Health
Manufacturing,2019,88442,Health
Wholesale Trade,2019,27950,Health
Retail Trade,2019,216804,Health
"Transportation & Warehousing, and Utilities",2019,29613,Health
Information,2019,19452,Health
"Finance & Insurance, and Real Estate, Rental & Leasing",2019,124545,Health
"Professional, Scientific & Management, and Administrative & Waste Management Services",2019,188760,Health
"Educational Services, Health Care & Social Assistance",2019,3124913,Health
"Arts, Entertainment & Recreation and Accommodation & Food Services",2019,84497,Health
"Other Services, Except Public Administration",2019,56505,Health
Public Administration,2019,131712,Health
Active Duty Military,2019,12748,Health
"Agriculture, Forestry, Fishing and Hunting, and Mining",2018,6141,Health
Construction,2018,16699,Health
Manufacturing,2018,83792,Health
Wholesale Trade,2018,28018,Health
Retail Trade,2018,212667,Health
"Transportation & Warehousing, and Utilities",2018,27642,Health
Information,2018,18703,Health
"Finance & Insurance, and Real Estate, Rental & Leasing",2018,116162,Health
"Professional, Scientific & Management, and Administrative & Waste Management Services",2018,176642,Health
"Educational Services, Health Care & Social Assistance",2018,2995652,Health
"Arts, Entertainment & Recreation and Accommodation & Food Services",2018,79140,Health
"Other Services, Except Public Administration",2018,54294,Health
Public Administration,2018,123817,Health
Active Duty Military,2018,11045,Health
"Agriculture, Forestry, Fishing and Hunting, and Mining",2017,5927,Health
Construction,2017,14766,Health
Manufacturing,2017,77726,Health
Wholesale Trade,2017,27052,Health
Retail Trade,2017,205903,Health
"Transportation & Warehousing, and Utilities",2017,23483,Health
Information,2017,17619,Health
"Finance & Insurance, and Real Estate, Rental & Leasing",2017,109713,Health
"Professional, Scientific & Management, and Administrative & Waste Management Services",2017,165384,Health
"Educational Services, Health Care & Social Assistance",2017,2880765,Health
"Arts, Entertainment & Recreation and Accommodation & Food Services",2017,74510,Health
"Other Services, Except Public Administration",2017,50924,Health
Public Administration,2017,116204,Health
Active Duty Military,2017,11249,Health
"Agriculture, Forestry, Fishing and Hunting, and Mining",2016,5772,Health
Construction,2016,13101,Health
Manufacturing,2016,71654,Health
Wholesale Trade,2016,26351,Health
Retail Trade,2016,202838,Health
"Transportation & Warehousing, and Utilities",2016,21394,Health
Information,2016,15186,Health
"Finance & Insurance, and Real Estate, Rental & Leasing",2016,99152,Health
"Professional, Scientific & Management, and Administrative & Waste Management Services",2016,153837,Health
"Educational Services, Health Care & Social Assistance",2016,2768936,Health
"Arts, Entertainment & Recreation and Accommodation & Food Services",2016,70696,Health
"Other Services, Except Public Administration",2016,46774,Health
Public Administration,2016,109392,Health
Active Duty Military,2016,10654,Health
"Agriculture, Forestry, Fishing and Hunting, and Mining",2015,5308,Health
Construction,2015,11670,Health
Manufacturing,2015,66791,Health
Wholesale Trade,2015,25633,Health
Retail Trade,2015,197686,Health
"Transportation & Warehousing, and Utilities",2015,19216,Health
Information,2015,13689,Health
"Finance & Insurance, and Real Estate, Rental & Leasing",2015,89312,Health
"Professional, Scientific & Management, and Administrative & Waste Management Services",2015,142934,Health
"Educational Services, Health Care & Social Assistance",2015,2669623,Health
"Arts, Entertainment & Recreation and Accommodation & Food Services",2015,64000,Health
"Other Services, Except Public Administration",2015,43939,Health
Public Administration,2015,107147,Health
Active Duty Military,2015,10514,Health
"Agriculture, Forestry, Fishing and Hunting, and Mining",2014,5057,Health
Construction,2014,11653,Health
Manufacturing,2014,62931,Health
Wholesale Trade,2014,23780,Health
Retail Trade,2014,192057,Health
"Transportation & Warehousing, and Utilities",2014,16969,Health
Information,2014,13016,Health
"Finance & Insurance, and Real Estate, Rental & Leasing",2014,82628,Health
"Professional, Scientific & Management, and Administrative & Waste Management Services",2014,132658,Health
"Educational Services, Health Care & Social Assistance",2014,2564661,Health
"Arts, Entertainment & Recreation and Accommodation & Food Services",2014,58698,Health
"Other Services, Except Public Administration",2014,41686,Health
Public Administration,2014,103419,Health
Active Duty Military,2014,10039,Health
"Agriculture, Forestry, Fishing and Hunting, and Mining",2020,8018,Psychology
Construction,2020,34086,Psychology
Manufacturing,2020,94916,Psychology
Wholesale Trade,2020,36988,Psychology
Retail Trade,2020,139812,Psychology
"Transportation & Warehousing, and Utilities",2020,49951,Psychology
Information,2020,47365,Psychology
"Finance & Insurance, and Real Estate, Rental & Leasing",2020,187678,Psychology
"Professional, Scientific & Management, and Administrative & Waste Management Services",2020,292018,Psychology
"Educational Services, Health Care & Social Assistance",2020,1310750,Psychology
"Arts, Entertainment & Recreation and Accommodation & Food Services",2020,114231,Psychology
"Other Services, Except Public Administration",2020,97557,Psychology
Public Administration,2020,188146,Psychology
Active Duty Military,2020,13563,Psychology
"Agriculture, Forestry, Fishing and Hunting, and Mining",2019,7819,Psychology
Construction,2019,30782,Psychology
Manufacturing,2019,91051,Psychology
Wholesale Trade,2019,37097,Psychology
Retail Trade,2019,138156,Psychology
"Transportation & Warehousing, and Utilities",2019,49238,Psychology
Information,2019,46731,Psychology
"Finance & Insurance, and Real Estate, Rental & Leasing",2019,181535,Psychology
"Professional, Scientific & Management, and Administrative & Waste Management Services",2019,279619,Psychology
"Educational Services, Health Care & Social Assistance",2019,1264040,Psychology
"Arts, Entertainment & Recreation and Accommodation & Food Services",2019,117344,Psychology
"Other Services, Except Public Administration",2019,95559,Psychology
Public Administration,2019,180177,Psychology
Active Duty Military,2019,12544,Psychology
"Agriculture, Forestry, Fishing and Hunting, and Mining",2018,7182,Psychology
Construction,2018,28908,Psychology
Manufacturing,2018,85140,Psychology
Wholesale Trade,2018,37035,Psychology
Retail Trade,2018,134934,Psychology
"Transportation & Warehousing, and Utilities",2018,47308,Psychology
Information,2018,47219,Psychology
"Finance & Insurance, and Real Estate, Rental & Leasing",2018,172505,Psychology
"Professional, Scientific & Management, and Administrative & Waste Management Services",2018,266585,Psychology
"Educational Services, Health Care & Social Assistance",2018,1217255,Psychology
"Arts, Entertainment & Recreation and Accommodation & Food Services",2018,112107,Psychology
"Other Services, Except Public Administration",2018,92143,Psychology
Public Administration,2018,173533,Psychology
Active Duty Military,2018,11052,Psychology
"Agriculture, Forestry, Fishing and Hunting, and Mining",2017,7025,Psychology
Construction,2017,26259,Psychology
Manufacturing,2017,82098,Psychology
Wholesale Trade,2017,37661,Psychology
Retail Trade,2017,131506,Psychology
"Transportation & Warehousing, and Utilities",2017,44859,Psychology
Information,2017,45821,Psychology
"Finance & Insurance, and Real Estate, Rental & Leasing",2017,168004,Psychology
"Professional, Scientific & Management, and Administrative & Waste Management Services",2017,251491,Psychology
"Educational Services, Health Care & Social Assistance",2017,1169058,Psychology
"Arts, Entertainment & Recreation and Accommodation & Food Services",2017,106633,Psychology
"Other Services, Except Public Administration",2017,87460,Psychology
Public Administration,2017,168909,Psychology
Active Duty Military,2017,10222,Psychology
"Agriculture, Forestry, Fishing and Hunting, and Mining",2016,6741,Psychology
Construction,2016,25070,Psychology
Manufacturing,2016,79670,Psychology
Wholesale Trade,2016,36917,Psychology
Retail Trade,2016,126712,Psychology
"Transportation & Warehousing, and Utilities",2016,42813,Psychology
Information,2016,43778,Psychology
"Finance & Insurance, and Real Estate, Rental & Leasing",2016,164873,Psychology
"Professional, Scientific & Management, and Administrative & Waste Management Services",2016,233070,Psychology
"Educational Services, Health Care & Social Assistance",2016,1127811,Psychology
"Arts, Entertainment & Recreation and Accommodation & Food Services",2016,102436,Psychology
"Other Services, Except Public Administration",2016,83078,Psychology
Public Administration,2016,162244,Psychology
Active Duty Military,2016,9314,Psychology
"Agriculture, Forestry, Fishing and Hunting, and Mining",2015,7069,Psychology
Construction,2015,22268,Psychology
Manufacturing,2015,76900,Psychology
Wholesale Trade,2015,36109,Psychology
Retail Trade,2015,122875,Psychology
"Transportation & Warehousing, and Utilities",2015,40049,Psychology
Information,2015,42919,Psychology
"Finance & Insurance, and Real Estate, Rental & Leasing",2015,159105,Psychology
"Professional, Scientific & Management, and Administrative & Waste Management Services",2015,221223,Psychology
"Educational Services, Health Care & Social Assistance",2015,1090505,Psychology
"Arts, Entertainment & Recreation and Accommodation & Food Services",2015,98544,Psychology
"Other Services, Except Public Administration",2015,81696,Psychology
Public Administration,2015,160655,Psychology
Active Duty Military,2015,8797,Psychology
"Agriculture, Forestry, Fishing and Hunting, and Mining",2014,6565,Psychology
Construction,2014,21611,Psychology
Manufacturing,2014,74779,Psychology
Wholesale Trade,2014,35103,Psychology
Retail Trade,2014,119708,Psychology
"Transportation & Warehousing, and Utilities",2014,37698,Psychology
Information,2014,43697,Psychology
"Finance & Insurance, and Real Estate, Rental & Leasing",2014,153752,Psychology
"Professional, Scientific & Management, and Administrative & Waste Management Services",2014,209571,Psychology
"Educational Services, Health Care & Social Assistance",2014,1060774,Psychology
"Arts, Entertainment & Recreation and Accommodation & Food Services",2014,92055,Psychology
"Other Services, Except Public Administration",2014,79234,Psychology
Public Administration,2014,160816,Psychology
Active Duty Military,2014,8385,Psychology
